{
  "131-511": 120.0912,
  "511-940": 321.868,
  "132-511": 321.868,
  "508-511": 321.868,
  "133-511": 2253.0759999999996,
  "134-511": 160.934,
  "511-565": 643.736,
  "136-511": 321.868,
  "509-511": 160.934,
  "138-511": 160.934,
  "510-511": 643.736,
  "144-511": 482.80199999999996,
  "511-512": 482.80199999999996,
  "146-511": 149.9616,
  "511-513": 96.9264,
  "149-511": 98.1456,
  "511-1097": 482.80199999999996,
  "153-511": 152.0952,
  "511-514": 2253.0759999999996,
  "154-511": 160.934,
  "511-515": 482.80199999999996,
  "161-511": 145.0848,
  "511-2006": 160.934,
  "511-517": 321.868,
  "511-518": 643.736,
  "511-519": 321.868,
  "163-511": 88.08720000000001,
  "511-520": 804.67,
  "131-940": 160.934,
  "131-132": 321.868,
  "131-508": 321.868,
  "131-133": 2092.142,
  "131-134": 102.108,
  "131-565": 482.80199999999996,
  "131-136": 160.934,
  "131-509": 89.00160000000001,
  "131-138": 321.868,
  "131-510": 482.80199999999996,
  "131-144": 321.868,
  "131-512": 321.868,
  "131-146": 70.104,
  "131-513": 17.0688,
  "131-149": 49.9872,
  "131-1097": 321.868,
  "131-153": 70.104,
  "131-514": 2092.142,
  "131-154": 96.9264,
  "131-515": 321.868,
  "131-161": 160.934,
  "131-2006": 102.108,
  "131-517": 321.868,
  "131-518": 482.80199999999996,
  "131-519": 160.934,
  "131-1580": 1770.2740000000001,
  "131-163": 39.9288,
  "131-520": 643.736,
  "132-940": 160.934,
  "508-940": 160.934,
  "133-940": 1931.2079999999999,
  "134-940": 160.934,
  "565-940": 482.80199999999996,
  "136-940": 321.868,
  "509-940": 160.934,
  "138-940": 482.80199999999996,
  "510-940": 321.868,
  "144-940": 321.868,
  "512-940": 160.934,
  "146-940": 160.934,
  "513-940": 160.934,
  "149-940": 160.934,
  "940-1097": 482.80199999999996,
  "153-940": 160.934,
  "514-940": 1931.2079999999999,
  "154-940": 160.934,
  "515-940": 321.868,
  "161-940": 321.868,
  "940-2006": 160.934,
  "517-940": 121.0056,
  "518-940": 482.80199999999996,
  "519-940": 21.945600000000002,
  "940-1580": 1770.2740000000001,
  "163-940": 160.934,
  "520-940": 482.80199999999996,
  "132-508": 482.80199999999996,
  "132-133": 2092.142,
  "132-134": 321.868,
  "132-565": 643.736,
  "132-136": 482.80199999999996,
  "132-509": 321.868,
  "132-138": 482.80199999999996,
  "132-510": 643.736,
  "132-144": 482.80199999999996,
  "132-512": 321.868,
  "132-146": 321.868,
  "132-513": 321.868,
  "132-149": 160.934,
  "132-1097": 643.736,
  "132-153": 321.868,
  "132-514": 2092.142,
  "132-154": 321.868,
  "132-515": 482.80199999999996,
  "132-161": 482.80199999999996,
  "132-2006": 321.868,
  "132-517": 114.90960000000001,
  "132-518": 643.736,
  "132-519": 160.934,
  "132-1580": 1931.2079999999999,
  "132-163": 321.868,
  "132-520": 804.67,
  "133-508": 2092.142,
  "134-508": 321.868,
  "508-565": 321.868,
  "136-508": 160.934,
  "508-509": 321.868,
  "138-508": 482.80199999999996,
  "508-510": 321.868,
  "144-508": 142.9512,
  "508-512": 152.0952,
  "146-508": 321.868,
  "508-513": 321.868,
  "149-508": 321.868,
  "508-1097": 321.868,
  "153-508": 160.934,
  "508-514": 2092.142,
  "154-508": 160.934,
  "508-515": 124.0536,
  "161-508": 482.80199999999996,
  "508-2006": 160.934,
  "508-517": 321.868,
  "511-1580": 1931.2079999999999,
  "508-518": 321.868,
  "508-519": 160.934,
  "508-1580": 1770.2740000000001,
  "163-508": 321.868,
  "508-520": 321.868,
  "133-134": 2092.142,
  "133-565": 2253.0759999999996,
  "133-136": 1770.2740000000001,
  "133-509": 2092.142,
  "133-138": 2414.0099999999998,
  "133-510": 2253.0759999999996,
  "133-144": 2092.142,
  "133-512": 2092.142,
  "133-146": 2092.142,
  "133-513": 2092.142,
  "133-149": 2092.142,
  "133-1097": 9.144,
  "133-153": 2092.142,
  "133-514": 4.8768,
  "133-154": 2092.142,
  "133-515": 2092.142,
  "133-161": 2253.0759999999996,
  "133-2006": 2092.142,
  "133-517": 2092.142,
  "133-518": 2253.0759999999996,
  "133-519": 1931.2079999999999,
  "133-1580": 321.868,
  "133-163": 2092.142,
  "133-520": 2414.0099999999998,
  "134-565": 482.80199999999996,
  "134-136": 482.80199999999996,
  "134-509": 14.9352,
  "134-138": 321.868,
  "134-510": 482.80199999999996,
  "134-144": 321.868,
  "134-512": 321.868,
  "134-146": 32.9184,
  "134-513": 81.9912,
  "134-149": 135.9408,
  "134-1097": 321.868,
  "134-153": 47.8536,
  "134-514": 2092.142,
  "134-154": 39.9288,
  "134-515": 321.868,
  "134-161": 321.868,
  "134-2006": 61.8744,
  "134-517": 321.868,
  "134-518": 482.80199999999996,
  "134-519": 321.868,
  "134-1580": 1931.2079999999999,
  "134-163": 91.1352,
  "134-520": 643.736,
  "136-565": 643.736,
  "509-565": 482.80199999999996,
  "138-565": 804.67,
  "510-565": 64.00800000000001,
  "144-565": 160.934,
  "512-565": 321.868,
  "146-565": 482.80199999999996,
  "513-565": 482.80199999999996,
  "149-565": 643.736,
  "565-1097": 482.80199999999996,
  "153-565": 482.80199999999996,
  "514-565": 2253.0759999999996,
  "154-565": 482.80199999999996,
  "515-565": 160.934,
  "161-565": 804.67,
  "565-2006": 482.80199999999996,
  "517-565": 482.80199999999996,
  "518-565": 28.041600000000003,
  "519-565": 482.80199999999996,
  "565-1580": 2092.142,
  "163-565": 482.80199999999996,
  "520-565": 99.06,
  "138-509": 321.868,
  "509-510": 482.80199999999996,
  "144-509": 321.868,
  "509-512": 321.868,
  "146-509": 47.8536,
  "509-513": 70.104,
  "149-509": 124.0536,
  "509-1097": 321.868,
  "153-509": 57.912000000000006,
  "509-514": 2092.142,
  "154-509": 52.1208,
  "509-515": 321.868,
  "161-509": 321.868,
  "509-2006": 73.152,
  "509-517": 321.868,
  "509-518": 643.736,
  "509-519": 321.868,
  "509-1580": 1931.2079999999999,
  "163-509": 78.9432,
  "509-520": 643.736,
  "138-510": 804.67,
  "138-144": 643.736,
  "138-512": 482.80199999999996,
  "138-146": 321.868,
  "138-513": 321.868,
  "138-149": 321.868,
  "138-1097": 643.736,
  "138-153": 321.868,
  "138-514": 2414.0099999999998,
  "138-154": 321.868,
  "138-515": 643.736,
  "138-161": 93.8784,
  "138-2006": 321.868,
  "138-517": 482.80199999999996,
  "138-518": 804.67,
  "138-519": 482.80199999999996,
  "138-1580": 2092.142,
  "138-163": 160.934,
  "138-520": 965.6039999999999,
  "144-510": 160.934,
  "510-512": 160.934,
  "146-510": 482.80199999999996,
  "510-513": 482.80199999999996,
  "149-510": 482.80199999999996,
  "510-1097": 482.80199999999996,
  "153-510": 482.80199999999996,
  "510-514": 2253.0759999999996,
  "154-510": 482.80199999999996,
  "510-515": 132.8928,
  "161-510": 643.736,
  "510-2006": 482.80199999999996,
  "510-517": 482.80199999999996,
  "510-518": 88.08720000000001,
  "510-519": 321.868,
  "510-1580": 1931.2079999999999,
  "163-510": 482.80199999999996,
  "510-520": 160.934,
  "144-512": 46.0248,
  "144-146": 321.868,
  "144-513": 321.868,
  "144-149": 321.868,
  "144-1097": 482.80199999999996,
  "144-153": 321.868,
  "144-514": 2092.142,
  "144-154": 321.868,
  "144-515": 31.0896,
  "144-161": 482.80199999999996,
  "144-2006": 321.868,
  "144-517": 321.868,
  "144-518": 321.868,
  "144-519": 321.868,
  "144-1580": 1770.2740000000001,
  "144-163": 321.868,
  "144-520": 321.868,
  "146-512": 321.868,
  "512-513": 321.868,
  "149-512": 321.868,
  "512-1097": 482.80199999999996,
  "153-512": 321.868,
  "512-514": 2092.142,
  "154-512": 321.868,
  "512-515": 56.083200000000005,
  "161-512": 482.80199999999996,
  "512-2006": 321.868,
  "512-517": 321.868,
  "512-518": 321.868,
  "512-519": 160.934,
  "512-1580": 1770.2740000000001,
  "163-512": 321.868,
  "512-520": 321.868,
  "146-513": 53.0352,
  "146-149": 106.9848,
  "146-1097": 321.868,
  "146-153": 17.0688,
  "146-514": 2092.142,
  "146-154": 28.041600000000003,
  "146-515": 321.868,
  "146-161": 321.868,
  "146-2006": 46.9392,
  "146-517": 321.868,
  "146-518": 482.80199999999996,
  "146-519": 160.934,
  "146-1580": 1931.2079999999999,
  "146-163": 63.0936,
  "146-520": 643.736,
  "149-513": 53.949600000000004,
  "513-1097": 321.868,
  "153-513": 53.949600000000004,
  "513-514": 2092.142,
  "154-513": 81.0768,
  "513-515": 321.868,